City_ID,City,Country,Lat,Lng,Max Temp,Humidity,Cloudiness,Wind Speed,Description,Date
0,Thompson,CA,55.7435,-97.8558,62.2,42,97,2.82,overcast clouds,2022-09-08 03:08:56
1,Chokurdakh,RU,70.6333,147.9167,57.6,39,100,13.27,overcast clouds,2022-09-08 03:08:56
2,Ancud,CL,-41.8697,-73.8203,41.23,91,99,2.13,light rain,2022-09-08 03:08:57
3,Toora-Khem,RU,52.4675,96.11,72.21,31,68,3.27,broken clouds,2022-09-08 03:08:57
4,Ushuaia,AR,-54.8,-68.3,35.26,80,20,1.14,few clouds,2022-09-08 03:07:44
5,Kapaa,US,22.0752,-159.319,83.48,70,20,12.66,few clouds,2022-09-08 03:08:57
6,Cape Town,ZA,-33.9258,18.4232,55.9,86,0,15.99,clear sky,2022-09-08 03:06:22
7,Cherskiy,RU,68.75,161.3,60.75,33,100,21.77,overcast clouds,2022-09-08 03:08:58
8,Mataura,NZ,-46.1927,168.8643,50.49,60,38,0.38,scattered clouds,2022-09-08 03:08:58
9,Salekhard,RU,66.53,66.6019,36.25,80,97,5.55,overcast clouds,2022-09-08 03:08:58
10,Pacific Grove,US,36.6177,-121.9166,73.54,82,0,8.99,clear sky,2022-09-08 03:07:00
11,Katsuura,JP,35.1333,140.3,81.45,79,100,20.42,overcast clouds,2022-09-08 03:08:58
12,Half Moon Bay,US,37.4636,-122.4286,88.03,79,0,12.66,mist,2022-09-08 03:08:59
13,Ponta Delgada,PT,37.7333,-25.6667,79.5,94,40,11.5,scattered clouds,2022-09-08 03:08:59
14,Ocos,GT,14.5094,-92.1933,77.18,77,100,6.24,overcast clouds,2022-09-08 03:08:59
15,Barrow,US,71.2906,-156.7887,39.22,93,75,9.22,broken clouds,2022-09-08 03:08:59
16,Katunino,RU,64.3862,40.6298,37.29,97,85,3.96,overcast clouds,2022-09-08 03:09:00
17,Klaksvik,FO,62.2266,-6.589,56.32,99,100,17.29,light rain,2022-09-08 03:09:00
18,Victoria,HK,22.2855,114.1577,92.97,69,20,3.0,few clouds,2022-09-08 03:09:00
19,Chuy,UY,-33.6971,-53.4616,57.78,94,33,4.07,scattered clouds,2022-09-08 03:09:00
20,Bluff,NZ,-46.6,168.3333,50.81,58,50,2.82,scattered clouds,2022-09-08 03:09:01
21,Punta Arenas,CL,-53.15,-70.9167,33.91,86,20,10.36,few clouds,2022-09-08 03:09:01
22,Kruisfontein,ZA,-34.0033,24.7314,51.94,75,4,4.52,clear sky,2022-09-08 03:09:01
23,Port Alfred,ZA,-33.5906,26.891,59.86,85,6,2.35,clear sky,2022-09-08 03:09:01
24,Naze,JP,28.3667,129.4833,79.93,78,82,12.91,broken clouds,2022-09-08 03:09:02
25,Port Elizabeth,ZA,-33.918,25.5701,58.32,89,2,5.99,clear sky,2022-09-08 03:09:02
26,East London,ZA,-33.0153,27.9116,60.44,82,13,4.14,few clouds,2022-09-08 03:09:02
27,Yatou,CN,37.15,122.3833,78.31,54,5,1.7,clear sky,2022-09-08 03:09:02
28,Georgetown,MY,5.4112,100.3354,82.33,85,20,6.91,few clouds,2022-09-08 03:06:23
29,Comodoro Rivadavia,AR,-45.8667,-67.5,35.46,93,0,3.44,clear sky,2022-09-08 03:06:32
30,Saint George,US,37.1041,-113.5841,99.19,20,0,5.75,clear sky,2022-09-08 03:05:33
31,Kodiak,US,57.79,-152.4072,53.11,94,100,20.71,moderate rain,2022-09-08 03:09:03
32,Port Hardy,CA,50.6996,-127.4199,55.24,88,6,13.78,clear sky,2022-09-08 03:09:03
33,Atuona,PF,-9.8,-139.0333,76.59,79,24,28.03,light rain,2022-09-08 03:09:03
34,Lagoa,PT,39.05,-27.9833,74.46,88,100,21.52,light rain,2022-09-08 03:09:04
35,Hermanus,ZA,-34.4187,19.2345,53.8,86,5,7.16,clear sky,2022-09-08 03:09:04
36,Qeshm,IR,26.9581,56.2719,85.87,74,84,17.0,broken clouds,2022-09-08 03:09:04
37,Quelimane,MZ,-17.8786,36.8883,67.66,82,0,3.87,clear sky,2022-09-08 03:09:04
38,Tamboril,DO,19.4854,-70.611,75.88,94,75,0.0,broken clouds,2022-09-08 03:09:04
39,Villa Maria,AR,-32.4075,-63.2402,62.82,44,0,11.39,clear sky,2022-09-08 03:09:05
40,Bredasdorp,ZA,-34.5322,20.0403,47.07,93,29,0.85,scattered clouds,2022-09-08 03:09:05
41,Gerash,IR,27.6652,54.1371,80.19,57,0,4.45,clear sky,2022-09-08 03:09:05
42,Kasongo,CD,-4.45,26.6667,71.78,77,100,1.77,overcast clouds,2022-09-08 03:09:06
43,Souillac,MU,-20.5167,57.5167,68.38,77,75,11.5,broken clouds,2022-09-08 03:09:06
44,Jamestown,US,42.097,-79.2353,64.04,70,100,6.91,overcast clouds,2022-09-08 03:09:11
45,Adrar,MR,20.5022,-10.0711,93.06,32,11,16.51,few clouds,2022-09-08 03:10:06
46,Nikolskoye,RU,59.7035,30.7861,45.79,95,59,4.47,broken clouds,2022-09-08 03:10:06
47,Dondukovskaya,RU,44.8819,40.3627,47.62,57,19,2.55,few clouds,2022-09-08 03:10:07
48,Iquique,CL,-20.2208,-70.1431,57.24,75,21,1.41,few clouds,2022-09-08 03:05:57
49,Roma,US,43.2128,-75.4557,66.81,92,100,0.0,overcast clouds,2022-09-08 03:10:07
50,Laguna,US,38.421,-121.4238,99.45,22,0,9.22,clear sky,2022-09-08 03:10:07
51,Becerril,CO,9.7041,-73.2793,76.24,93,98,3.47,overcast clouds,2022-09-08 03:10:07
52,Puerto Ayora,EC,-0.7393,-90.3518,68.56,93,99,8.01,overcast clouds,2022-09-08 03:10:08
53,Tecoanapa,MX,16.5167,-98.75,79.23,84,100,4.0,overcast clouds,2022-09-08 03:10:08
54,Hobart,AU,-42.8794,147.3294,58.86,81,75,11.5,broken clouds,2022-09-08 03:10:08
55,Guerrero Negro,MX,27.9769,-114.0611,77.34,78,100,19.42,overcast clouds,2022-09-08 03:08:25
56,Zverinogolovskoye,RU,54.4586,64.8542,45.5,75,18,8.08,few clouds,2022-09-08 03:10:09
57,Carnarvon,AU,-24.8667,113.6333,70.57,37,99,6.42,overcast clouds,2022-09-08 03:10:09
58,Coahuayana,MX,18.7333,-103.6833,78.44,87,98,2.19,overcast clouds,2022-09-08 03:10:09
59,Grand Gaube,MU,-20.0064,57.6608,68.4,67,91,1.01,overcast clouds,2022-09-08 03:10:09
60,Tuktoyaktuk,CA,69.4541,-133.0374,40.48,90,100,10.71,overcast clouds,2022-09-08 03:10:09
61,Dikson,RU,73.5069,80.5464,36.91,92,100,20.38,light rain,2022-09-08 03:10:10
62,Severo-Kurilsk,RU,50.6789,156.125,56.14,95,100,11.97,overcast clouds,2022-09-08 03:10:10
63,Norman Wells,CA,65.282,-126.8329,48.92,65,89,5.57,overcast clouds,2022-09-08 03:07:58
64,Hilo,US,19.7297,-155.09,81.28,78,100,9.22,overcast clouds,2022-09-08 03:10:10
65,Van Buren,US,35.4368,-94.3483,77.32,63,0,4.61,clear sky,2022-09-08 03:10:10
66,Provideniya,RU,64.3833,-173.3,53.71,66,75,13.42,broken clouds,2022-09-08 03:10:11
67,New Norfolk,AU,-42.7826,147.0587,58.5,71,100,3.0,overcast clouds,2022-09-08 03:10:11
68,Saldanha,ZA,-33.0117,17.9442,55.18,90,0,17.36,clear sky,2022-09-08 03:10:11
69,Port Lincoln,AU,-34.7333,135.8667,59.7,76,98,21.9,light rain,2022-09-08 03:05:20
70,Avera,US,33.194,-82.5271,74.71,70,98,5.06,overcast clouds,2022-09-08 03:10:11
71,Tuatapere,NZ,-46.1333,167.6833,51.01,63,23,3.31,few clouds,2022-09-08 03:10:12
72,Vaini,TO,-21.2,-175.2,78.96,94,20,6.91,few clouds,2022-09-08 03:10:12
73,Byron Bay,AU,-28.65,153.6167,69.94,57,87,7.05,overcast clouds,2022-09-08 03:10:12
74,Albany,US,42.6001,-73.9662,61.34,93,34,2.59,scattered clouds,2022-09-08 03:10:12
75,Agadez,NE,19.75,10.25,84.74,17,0,12.91,clear sky,2022-09-08 03:10:13
76,Rikitea,PF,-23.1203,-134.9692,72.55,74,0,24.07,clear sky,2022-09-08 03:10:13
77,Riyadh,SA,24.6877,46.7219,91.54,15,0,7.34,clear sky,2022-09-08 03:05:28
78,Pisco,PE,-13.7,-76.2167,59.05,88,100,12.66,overcast clouds,2022-09-08 03:10:13
79,Ginir,ET,7.1333,40.7,59.86,79,90,10.67,overcast clouds,2022-09-08 03:10:13
80,Mar Del Plata,AR,-38.0023,-57.5575,59.95,78,0,5.99,clear sky,2022-09-08 03:10:14
81,Bambous Virieux,MU,-20.3428,57.7575,68.25,77,75,11.5,light rain,2022-09-08 03:10:14
82,Gizo,SB,-8.103,156.8419,83.75,70,19,3.58,light rain,2022-09-08 03:10:14
83,Vila Franca Do Campo,PT,37.7167,-25.4333,79.2,94,42,11.74,light rain,2022-09-08 03:10:14
84,Talnakh,RU,69.4865,88.3972,36.21,63,96,5.44,overcast clouds,2022-09-08 03:10:15
85,Asyut,EG,27.181,31.1837,76.62,65,0,7.9,clear sky,2022-09-08 03:10:15
86,Oksfjord,NO,70.2396,22.3479,46.58,84,98,5.57,overcast clouds,2022-09-08 03:10:15
87,Vardo,NO,70.3705,31.1107,44.58,93,100,10.36,light intensity drizzle,2022-09-08 03:10:16
88,Pevek,RU,69.7008,170.3133,46.58,53,21,22.3,few clouds,2022-09-08 03:10:16
89,Orange Cove,US,36.6244,-119.3137,100.06,24,40,8.05,scattered clouds,2022-09-08 03:10:16
90,Bethel,US,41.3712,-73.414,67.01,82,98,4.09,overcast clouds,2022-09-08 03:10:16
91,Saskylakh,RU,71.9167,114.0833,40.08,64,68,6.76,broken clouds,2022-09-08 03:10:17
92,Carballo,ES,43.213,-8.691,64.09,92,92,3.74,overcast clouds,2022-09-08 03:11:17
93,Vilcun,CL,-38.65,-72.2333,30.94,97,22,2.26,few clouds,2022-09-08 03:11:17
94,Anadyr,RU,64.75,177.4833,48.7,53,0,6.71,clear sky,2022-09-08 03:11:17
95,Wukari,NG,7.85,9.7833,72.07,96,84,7.31,broken clouds,2022-09-08 03:11:18
96,Saint Anthony,US,45.0205,-93.218,76.93,79,0,6.91,clear sky,2022-09-08 03:11:18
97,Khromtau,KZ,50.2503,58.4347,48.7,49,26,8.05,scattered clouds,2022-09-08 03:11:18
98,Mhango,TZ,-3.2833,32.85,65.95,74,76,5.64,broken clouds,2022-09-08 03:11:18
99,Butaritari,KI,3.0707,172.7902,81.64,72,26,15.57,scattered clouds,2022-09-08 03:11:19
100,Noumea,NC,-22.2763,166.4572,76.98,70,44,15.05,scattered clouds,2022-09-08 03:11:19
101,Ostrovnoy,RU,68.0531,39.5131,40.86,91,100,17.85,overcast clouds,2022-09-08 03:11:19
102,Virginia Beach,US,36.8529,-75.978,75.24,86,100,13.8,overcast clouds,2022-09-08 03:11:19
103,Turukhansk,RU,65.8167,87.9833,39.27,90,100,16.33,light rain,2022-09-08 03:11:20
104,Kambove,CD,-10.8764,26.5969,57.97,50,1,3.91,clear sky,2022-09-08 03:11:20
105,Hithadhoo,MV,-0.6,73.0833,82.15,71,71,14.29,broken clouds,2022-09-08 03:11:20
106,Broken Hill,AU,-31.95,141.4333,64.15,43,1,22.3,clear sky,2022-09-08 03:11:20
107,Killybegs,IE,54.6333,-8.45,55.17,91,80,7.85,broken clouds,2022-09-08 03:11:21
108,Dingle,PH,10.9995,122.6711,86.14,72,68,4.54,broken clouds,2022-09-08 03:11:21
109,Acapulco,MX,16.8634,-99.8901,82.22,78,100,8.05,overcast clouds,2022-09-08 03:11:21
110,Buchanan,LR,5.8808,-10.0467,74.97,85,34,7.25,scattered clouds,2022-09-08 03:11:21
111,Hamada,JP,34.8833,132.0833,79.34,60,73,13.82,broken clouds,2022-09-08 03:11:22
112,Zemio,CF,5.0314,25.1361,66.7,98,100,2.48,light rain,2022-09-08 03:11:22
113,Geraldton,AU,-28.7667,114.6,59.41,88,91,6.91,overcast clouds,2022-09-08 03:11:22
114,Berlevag,NO,70.8578,29.0864,48.2,93,100,22.21,overcast clouds,2022-09-08 03:11:22
115,Kaitangata,NZ,-46.2817,169.8464,51.46,53,28,4.47,scattered clouds,2022-09-08 03:11:23
116,Namatanai,PG,-3.6667,152.4333,84.24,70,98,10.85,overcast clouds,2022-09-08 03:11:23
117,Esperance,AU,-33.8667,121.9,56.91,65,100,10.54,overcast clouds,2022-09-08 03:11:23
118,Tiarei,PF,-17.5333,-149.3333,82.42,77,3,22.68,light rain,2022-09-08 03:11:24
119,Mahebourg,MU,-20.4081,57.7,68.29,77,75,11.5,broken clouds,2022-09-08 03:11:24
120,Ponta Do Sol,PT,32.6667,-17.1,72.72,76,1,3.4,clear sky,2022-09-08 03:11:24
121,Almeria,ES,37.1667,-2.3333,66.43,29,61,5.44,broken clouds,2022-09-08 03:11:24
122,Ratnagiri,IN,16.9833,73.3,78.57,86,98,7.58,overcast clouds,2022-09-08 03:11:25
123,Pemba,MZ,-12.974,40.5178,69.96,75,0,10.58,clear sky,2022-09-08 03:11:25
124,Tiksi,RU,71.6872,128.8694,43.74,77,100,10.4,overcast clouds,2022-09-08 03:11:25
125,Torbay,CA,47.6666,-52.7314,54.28,95,100,10.36,light intensity shower rain,2022-09-08 03:11:26
126,Kabansk,RU,52.0486,106.6528,77.02,40,18,3.31,few clouds,2022-09-08 03:11:26
127,Brae,GB,60.3964,-1.353,55.27,88,100,18.7,overcast clouds,2022-09-08 03:11:26
128,Isangel,VU,-19.55,169.2667,80.76,71,9,4.85,clear sky,2022-09-08 03:11:26
129,San Patricio,US,28.017,-97.5169,82.26,75,73,6.96,broken clouds,2022-09-08 03:11:27
130,Los Llanos De Aridane,ES,28.6585,-17.9182,67.75,87,0,9.22,clear sky,2022-09-08 03:11:27
131,Aleksandrovskiy Zavod,RU,50.9237,117.9374,63.25,39,44,5.7,scattered clouds,2022-09-08 03:11:27
132,Vidim,RU,56.4088,103.1106,63.91,70,100,8.84,overcast clouds,2022-09-08 03:11:27
133,Havre,FR,49.5833,0.3333,60.57,88,75,9.22,broken clouds,2022-09-08 03:11:28
134,Ulagan,RU,50.6321,87.9563,70.05,31,100,3.62,overcast clouds,2022-09-08 03:11:28
135,Cabo San Lucas,MX,22.8909,-109.9124,80.51,90,100,8.01,overcast clouds,2022-09-08 03:11:28
136,Esna,EG,25.2934,32.554,80.46,41,0,8.84,clear sky,2022-09-08 03:11:28
137,Ilulissat,GL,69.2167,-51.1,39.22,87,75,2.3,broken clouds,2022-09-08 03:11:29
138,Ustye,RU,59.6304,39.736,39.13,93,97,10.29,overcast clouds,2022-09-08 03:11:29
139,Necochea,AR,-38.5473,-58.7368,50.58,84,100,12.77,overcast clouds,2022-09-08 03:12:29
140,Boa Vista,BR,2.8197,-60.6733,76.98,82,20,3.44,few clouds,2022-09-08 03:12:29
141,Hamilton,US,39.1834,-84.5333,68.02,87,20,3.44,few clouds,2022-09-08 03:12:30
142,Matara,LK,5.9485,80.5353,81.19,77,100,12.06,overcast clouds,2022-09-08 03:12:30
143,Palaikastron,GR,35.2,26.25,73.35,66,0,22.97,clear sky,2022-09-08 03:12:30
144,Samana,DO,19.2056,-69.3369,77.52,88,36,1.54,scattered clouds,2022-09-08 03:12:30
145,Ahuimanu,US,21.4447,-157.8378,85.75,64,0,16.11,clear sky,2022-09-08 03:12:31
146,Castro,BR,-24.7911,-50.0119,55.71,94,0,4.03,clear sky,2022-09-08 03:12:31
147,Busselton,AU,-33.65,115.3333,56.79,67,100,7.14,overcast clouds,2022-09-08 03:12:31
148,Rio Gallegos,AR,-51.6226,-69.2181,38.75,45,99,7.72,overcast clouds,2022-09-08 03:12:31
149,Marawi,PH,7.9986,124.2928,81.43,65,100,1.99,overcast clouds,2022-09-08 03:12:32
150,Avarua,CK,-21.2078,-159.775,78.85,78,40,14.97,scattered clouds,2022-09-08 03:12:32
151,Roald,NO,62.5833,6.1333,54.75,93,100,4.61,overcast clouds,2022-09-08 03:12:32
152,Salalah,OM,17.0151,54.0924,77.09,94,75,3.44,light intensity drizzle,2022-09-08 03:12:32
153,Mitsamiouli,KM,-11.3847,43.2844,74.62,72,0,6.73,clear sky,2022-09-08 03:12:33
154,Teya,RU,60.3778,92.6267,45.05,89,85,17.18,light rain,2022-09-08 03:12:33
155,Marshall,US,34.3834,-86.3333,73.94,82,0,8.05,clear sky,2022-09-08 03:10:15
156,Aksarka,RU,66.5606,67.7975,35.74,87,71,6.49,broken clouds,2022-09-08 03:12:33
157,Antofagasta,CL,-23.65,-70.4,56.48,79,51,1.86,broken clouds,2022-09-08 03:12:33
158,Kavaratti,IN,10.5669,72.642,79.2,83,100,24.7,overcast clouds,2022-09-08 03:12:34
159,Elizabeth City,US,36.2946,-76.2511,75.22,90,0,10.36,clear sky,2022-09-08 03:12:34
160,Kefamenanu,ID,-9.4467,124.4781,91.02,24,22,7.38,few clouds,2022-09-08 03:12:34
161,Ilhabela,BR,-23.7781,-45.3581,66.74,87,63,6.17,broken clouds,2022-09-08 03:12:34
162,Nieuw Nickerie,SR,5.95,-56.9833,80.35,83,26,11.25,scattered clouds,2022-09-08 03:12:35
163,Kenai,US,60.5544,-151.2583,55.09,92,100,3.44,light rain,2022-09-08 03:12:35
164,Leningradskiy,RU,69.3833,178.4167,47.08,51,11,11.48,few clouds,2022-09-08 03:12:35
165,Tarija,BO,-21.5355,-64.7296,61.65,24,3,2.19,clear sky,2022-09-08 03:12:35
166,Khatanga,RU,71.9667,102.5,36.88,65,19,6.64,few clouds,2022-09-08 03:12:36
167,Luquillo,PR,18.3725,-65.7166,80.53,100,0,4.61,clear sky,2022-09-08 03:12:36
168,Tomaszow Lubelski,PL,50.4477,23.4162,45.07,62,76,6.89,broken clouds,2022-09-08 03:12:36
169,Alofi,NU,-19.0595,-169.9187,80.49,69,40,13.8,scattered clouds,2022-09-08 03:12:36
170,Te Anau,NZ,-45.4167,167.7167,46.09,76,47,1.01,scattered clouds,2022-09-08 03:12:37
171,Tilichiki,RU,60.4667,166.1,52.18,78,100,12.8,overcast clouds,2022-09-08 03:12:37
172,Eureka,US,40.8021,-124.1637,67.35,87,18,1.01,few clouds,2022-09-08 03:10:38
173,Ribeira Grande,PT,38.5167,-28.7,75.33,91,100,17.69,light rain,2022-09-08 03:12:37
174,Murgab,TM,37.4966,61.9714,79.47,26,0,6.49,clear sky,2022-09-08 03:12:37
175,Jalu,LY,29.0331,21.5482,70.23,57,0,9.44,clear sky,2022-09-08 03:12:38
176,Puerto Escondido,MX,15.85,-97.0667,81.43,61,75,3.44,broken clouds,2022-09-08 03:11:49
177,Dali,CN,25.7,100.1833,71.42,50,17,4.12,few clouds,2022-09-08 03:12:38
178,Oistins,BB,13.0667,-59.5333,82.49,83,40,5.75,scattered clouds,2022-09-08 03:12:38
179,Sola,VU,-13.8833,167.55,81.05,73,8,14.18,clear sky,2022-09-08 03:12:38
180,Pionerskiy,RU,54.9508,20.2275,47.75,85,100,7.76,overcast clouds,2022-09-08 03:07:53
181,Faya,SA,18.3851,42.4509,63.12,32,3,5.46,clear sky,2022-09-08 03:12:39
182,Freeport,US,40.6576,-73.5832,71.26,74,100,8.05,overcast clouds,2022-09-08 03:12:39
183,Faanui,PF,-16.4833,-151.75,78.13,75,9,20.07,clear sky,2022-09-08 03:12:39
184,Okhotsk,RU,59.3833,143.3,52.3,94,100,12.91,moderate rain,2022-09-08 03:13:39
185,Canto Do Buriti,BR,-8.11,-42.9444,76.37,40,20,9.22,few clouds,2022-09-08 03:13:40
186,Rudbar,AF,30.15,62.6,82.26,16,0,6.08,clear sky,2022-09-08 03:13:40
187,Paripiranga,BR,-10.6875,-37.8617,61.11,95,52,4.03,broken clouds,2022-09-08 03:13:40
188,Sept-Iles,CA,50.2001,-66.3821,54.12,92,40,6.91,scattered clouds,2022-09-08 03:13:40
189,Bhimunipatnam,IN,17.8833,83.4333,80.11,75,100,8.43,overcast clouds,2022-09-08 03:13:41
190,Airai,TL,-8.9266,125.4092,80.24,21,70,3.44,broken clouds,2022-09-08 03:13:41
191,Upernavik,GL,72.7868,-56.1549,38.37,74,97,5.14,overcast clouds,2022-09-08 03:13:41
192,Isetskoye,RU,56.4858,65.3226,43.93,82,22,9.55,few clouds,2022-09-08 03:13:41
193,Urengoy,RU,65.9667,78.3667,36.05,74,55,14.43,broken clouds,2022-09-08 03:13:42
194,Huttwil,CH,47.115,7.8621,59.59,96,100,12.15,moderate rain,2022-09-08 03:13:42
195,Sitka,US,57.0531,-135.33,58.89,77,40,6.91,scattered clouds,2022-09-08 03:13:42
196,Manokwari,ID,-0.8667,134.0833,83.21,66,100,5.06,overcast clouds,2022-09-08 03:13:42
197,Manitowoc,US,44.0667,-87.8001,68.56,86,0,0.0,clear sky,2022-09-08 03:13:43
198,Cidreira,BR,-30.1811,-50.2056,60.28,90,0,4.92,clear sky,2022-09-08 03:11:16
199,Hodmezovasarhely,HU,46.4167,20.3333,66.18,62,99,7.78,overcast clouds,2022-09-08 03:13:43
200,Tasiilaq,GL,65.6145,-37.6368,41.16,99,100,1.01,light rain,2022-09-08 03:13:43
201,Otradnoye,RU,59.7775,30.8181,45.95,96,49,4.43,scattered clouds,2022-09-08 03:13:43
202,Duku,NG,11.2361,4.9073,70.14,95,94,3.18,overcast clouds,2022-09-08 03:13:44
203,Omsukchan,RU,62.5333,155.8,41.77,87,100,9.4,overcast clouds,2022-09-08 03:13:44
204,Birao,CF,10.2849,22.7882,69.49,98,100,5.86,moderate rain,2022-09-08 03:13:44
205,Meulaboh,ID,4.1363,96.1285,81.84,65,100,1.79,overcast clouds,2022-09-08 03:13:45
206,Paragould,US,36.0584,-90.4973,75.02,87,44,8.72,scattered clouds,2022-09-08 03:10:58
207,Devrek,TR,41.2192,31.9558,53.33,92,0,3.83,clear sky,2022-09-08 03:13:45
208,Panjab,AF,34.388,67.0233,59.36,26,0,3.47,clear sky,2022-09-08 03:13:45
209,Fomboni,KM,-12.28,43.7425,75.6,72,0,12.86,clear sky,2022-09-08 03:13:45
210,Bowen,AU,-20.0167,148.2333,73.29,65,2,11.45,clear sky,2022-09-08 03:13:46
211,Dauriya,RU,49.9333,116.8667,67.87,37,12,6.35,few clouds,2022-09-08 03:13:46
212,Teguise,ES,29.0605,-13.564,68.22,83,0,14.97,clear sky,2022-09-08 03:13:46
213,Yulara,AU,-25.2406,130.9889,68.97,25,0,14.81,clear sky,2022-09-08 03:13:46
214,Verkhnetulomskiy,RU,68.6073,31.7962,41.13,76,100,4.29,overcast clouds,2022-09-08 03:13:47
215,Alto Araguaia,BR,-17.3147,-53.2153,73.69,31,19,5.53,few clouds,2022-09-08 03:13:47
216,Santa Rosa,PH,14.3122,121.1114,91.09,63,34,2.48,scattered clouds,2022-09-08 03:13:47
217,Gamboma,CG,-1.8764,15.8644,74.34,86,97,3.36,overcast clouds,2022-09-08 03:13:47
218,Ispravnaya,RU,44.0682,41.6102,41.86,65,0,6.06,clear sky,2022-09-08 03:13:48
219,Qaanaaq,GL,77.484,-69.3632,28.89,80,61,3.67,broken clouds,2022-09-08 03:13:48
220,Treinta Y Tres,UY,-33.2333,-54.3833,58.64,84,2,5.91,clear sky,2022-09-08 03:12:29
221,Bengkulu,ID,-3.8004,102.2655,81.27,66,100,0.92,overcast clouds,2022-09-08 03:13:48
222,Eurajoki,FI,61.2,21.7333,32.02,85,22,4.65,few clouds,2022-09-08 03:13:48
223,Borsa,RO,47.6553,24.6633,53.22,94,36,1.81,scattered clouds,2022-09-08 03:13:49
224,Oranjestad,AW,12.524,-70.027,84.15,84,20,11.5,few clouds,2022-09-08 03:13:49
225,Agua Verde,MX,22.9,-106.05,80.69,82,100,3.98,overcast clouds,2022-09-08 03:13:49
226,Tateyama,JP,34.9833,139.8667,82.09,76,62,17.98,broken clouds,2022-09-08 03:14:49
227,Samarkand,UZ,39.6542,66.9597,69.22,49,0,13.8,clear sky,2022-09-08 03:14:50
228,San Carlos De Bariloche,AR,-41.1456,-71.3082,35.35,64,75,13.8,broken clouds,2022-09-08 03:14:07
229,Rio Claro,BR,-22.4114,-47.5614,68.5,71,50,6.15,scattered clouds,2022-09-08 03:11:31
230,Yellowknife,CA,62.456,-114.3525,48.72,76,75,10.36,broken clouds,2022-09-08 03:13:33
231,Hanko,FI,59.8333,22.95,38.14,67,39,13.42,scattered clouds,2022-09-08 03:14:50
232,Zyryanka,RU,65.75,150.85,64.85,46,68,28.1,broken clouds,2022-09-08 03:14:50
233,Issia,CI,6.4922,-6.5856,67.84,100,43,2.42,scattered clouds,2022-09-08 03:14:51
234,Hami,CN,42.8,93.45,88.95,8,0,6.96,clear sky,2022-09-08 03:14:51
235,Tumen,CN,42.9661,129.8425,78.01,48,0,4.16,clear sky,2022-09-08 03:14:51
236,Menongue,AO,-14.6585,17.691,57.63,31,0,4.65,clear sky,2022-09-08 03:14:51
237,Longyearbyen,SJ,78.2186,15.6401,40.84,87,75,8.05,broken clouds,2022-09-08 03:14:52
238,Panaba,MX,21.2833,-88.2667,77.32,86,64,4.88,broken clouds,2022-09-08 03:14:52
239,Kahului,US,20.8947,-156.47,86.02,67,20,26.46,few clouds,2022-09-08 03:14:52
240,Narsaq,GL,60.9167,-46.05,44.82,80,94,3.15,overcast clouds,2022-09-08 03:14:52
241,Iqaluit,CA,63.7506,-68.5145,42.53,86,100,15.01,light rain,2022-09-08 03:14:53
242,Mana,GF,5.6592,-53.7767,77.63,90,9,10.33,clear sky,2022-09-08 03:14:53
243,Umea,SE,63.8284,20.2597,37.9,100,0,3.44,clear sky,2022-09-08 03:14:53
244,Arrecife,ES,28.963,-13.5477,71.58,83,0,14.97,clear sky,2022-09-08 03:14:53
245,Coihaique,CL,-45.5752,-72.0662,35.55,87,75,5.75,broken clouds,2022-09-08 03:14:54
246,Olafsvik,IS,64.8945,-23.7142,52.92,77,31,5.77,scattered clouds,2022-09-08 03:14:54
247,Clyde River,CA,70.4692,-68.5914,35.83,100,100,16.11,overcast clouds,2022-09-08 03:14:54
248,North Myrtle Beach,US,33.816,-78.68,75.22,97,40,3.0,scattered clouds,2022-09-08 03:14:06
249,Kurilsk,RU,45.2333,147.8833,64.58,69,77,7.54,broken clouds,2022-09-08 03:14:54
250,Honiara,SB,-9.4333,159.95,87.22,61,33,8.88,scattered clouds,2022-09-08 03:14:55
251,Tura,IN,25.5198,90.2201,84.22,74,94,0.83,overcast clouds,2022-09-08 03:10:06
252,Mitu,CO,1.1983,-70.1733,71.15,91,31,1.36,scattered clouds,2022-09-08 03:14:55
253,Nanortalik,GL,60.1432,-45.2371,43.09,93,36,4.16,scattered clouds,2022-09-08 03:14:55
254,Saint-Philippe,RE,-21.3585,55.7679,69.39,80,45,10.6,scattered clouds,2022-09-08 03:14:55
255,Elko,US,41.0002,-115.5012,83.64,17,66,7.0,broken clouds,2022-09-08 03:14:56
256,Constitucion,CL,-35.3333,-72.4167,46.98,83,94,7.0,overcast clouds,2022-09-08 03:14:56
257,Jiwani,PK,25.05,61.7417,78.87,77,26,3.87,scattered clouds,2022-09-08 03:14:56
258,Urucui,BR,-7.2294,-44.5561,77.22,39,71,5.93,broken clouds,2022-09-08 03:14:56
259,Rio Grande,BR,-32.035,-52.0986,53.94,89,41,4.99,scattered clouds,2022-09-08 03:14:57
260,Kumphawapi,TH,17.1087,103.0149,82.29,94,100,5.95,overcast clouds,2022-09-08 03:14:57
261,Marsa Matruh,EG,31.3525,27.2453,75.31,74,2,9.8,clear sky,2022-09-08 03:14:57
262,Itupiranga,BR,-5.1347,-49.3267,80.92,57,13,1.45,few clouds,2022-09-08 03:14:57
263,Solnechnyy,RU,50.7214,136.6319,66.33,45,58,8.5,broken clouds,2022-09-08 03:14:58
264,Guerande,FR,47.3291,-2.4283,64.45,85,100,23.11,overcast clouds,2022-09-08 03:14:58
265,Cockburn Town,TC,21.4612,-71.1419,83.16,74,6,8.1,clear sky,2022-09-08 03:14:58
266,Nyrob,RU,60.733,56.7202,41.79,96,98,4.65,overcast clouds,2022-09-08 03:14:58
267,Nueve De Julio,AR,-35.4444,-60.8831,60.96,54,63,3.0,broken clouds,2022-09-08 03:14:59
268,Ambon,ID,-3.6954,128.1814,86.14,70,40,5.75,scattered clouds,2022-09-08 03:14:59
269,Kuytun,RU,54.3419,101.5036,72.05,49,81,8.75,broken clouds,2022-09-08 03:14:59
270,Portland,US,45.5234,-122.6762,75.13,53,20,10.36,few clouds,2022-09-08 03:14:26
271,Saint-Augustin,CA,51.226,-58.6502,55.56,70,99,5.46,overcast clouds,2022-09-08 03:14:59
272,Lorengau,PG,-2.0226,147.2712,85.77,65,24,6.78,few clouds,2022-09-08 03:15:00
273,Taurage,LT,55.2522,22.2897,45.57,86,73,6.89,broken clouds,2022-09-08 03:16:00
274,Sisimiut,GL,66.9395,-53.6735,40.62,79,100,8.72,overcast clouds,2022-09-08 03:16:00
275,Tibati,CM,6.4667,12.6333,65.52,99,100,1.59,moderate rain,2022-09-08 03:16:00
276,Arraial Do Cabo,BR,-22.9661,-42.0278,68.05,80,0,28.12,clear sky,2022-09-08 03:15:43
277,Arroyo,ES,41.6096,-4.7969,61.14,69,0,5.75,clear sky,2022-09-08 03:16:01
278,Vostok,RU,46.4856,135.8833,69.1,48,4,11.65,clear sky,2022-09-08 03:16:01
279,Kahta,TR,37.7855,38.6237,69.17,33,0,6.6,clear sky,2022-09-08 03:16:01
280,Grindavik,IS,63.8424,-22.4338,53.55,100,75,4.61,broken clouds,2022-09-08 03:16:01
281,Bathsheba,BB,13.2167,-59.5167,83.01,83,40,5.75,scattered clouds,2022-09-08 03:16:02
282,Port Blair,IN,11.6667,92.75,84.24,84,75,4.61,mist,2022-09-08 03:16:02
283,Coari,BR,-4.085,-63.1414,78.26,71,99,2.71,overcast clouds,2022-09-08 03:16:02
284,Hasaki,JP,35.7333,140.8333,75.6,83,71,20.96,broken clouds,2022-09-08 03:16:02
285,Rassvet,RU,46.8333,40.75,47.93,48,0,2.3,clear sky,2022-09-08 03:16:03
286,Bonavista,CA,48.6499,-53.1147,55.2,78,100,17.94,light rain,2022-09-08 03:16:03
287,Aktas,KZ,49.7789,72.9608,49.75,33,100,2.24,overcast clouds,2022-09-08 03:16:03
288,Beloeil,CA,45.5668,-73.1992,68.22,94,0,0.0,clear sky,2022-09-08 03:11:59
289,Hessisch Lichtenau,DE,51.2,9.7167,61.52,90,100,0.85,overcast clouds,2022-09-08 03:16:03
290,Gogrial,SS,8.5332,28.1004,71.76,92,100,4.07,overcast clouds,2022-09-08 03:16:04
291,Chulumani,BO,-16.4096,-67.5263,60.31,74,1,2.17,clear sky,2022-09-08 03:16:04
292,Namibe,AO,-15.1961,12.1522,64.17,94,68,4.14,broken clouds,2022-09-08 03:16:04
293,Mount Gambier,AU,-37.8333,140.7667,57.11,94,75,11.5,light intensity shower rain,2022-09-08 03:16:04
294,Vila Velha,BR,-20.3297,-40.2925,67.95,83,75,5.75,broken clouds,2022-09-08 03:16:05
295,Tres Arroyos,AR,-38.3739,-60.2798,46.13,91,100,11.48,overcast clouds,2022-09-08 03:16:05
296,Christchurch,NZ,-43.5333,172.6333,55.94,65,75,9.22,broken clouds,2022-09-08 03:15:03
297,Hargeysa,SO,9.56,44.065,68.95,63,19,26.4,few clouds,2022-09-08 03:16:05
298,Poplar Bluff,US,36.757,-90.3929,73.18,85,75,4.61,broken clouds,2022-09-08 03:16:06
299,Bouna,CI,9.2667,-3.0,71.38,95,100,3.38,light rain,2022-09-08 03:16:06
300,Pokhara,NP,28.2333,83.9833,78.04,78,34,2.95,scattered clouds,2022-09-08 03:16:06
301,Lata,PT,40.1629,-8.3327,67.82,77,100,3.4,overcast clouds,2022-09-08 03:16:06
302,Nelson Bay,AU,-32.7167,152.15,71.1,62,98,3.0,overcast clouds,2022-09-08 03:16:07
303,Maniitsoq,GL,65.4167,-52.9,40.06,76,99,7.56,overcast clouds,2022-09-08 03:16:07
304,Belyy Yar,RU,53.6039,91.3903,67.89,32,0,20.13,clear sky,2022-09-08 03:16:07
305,Husavik,IS,66.0449,-17.3389,50.18,85,79,3.38,broken clouds,2022-09-08 03:16:07
306,Balanacan,PH,13.5289,121.8677,84.18,74,27,2.28,scattered clouds,2022-09-08 03:16:08
307,Kaltasy,RU,55.9693,54.8032,45.34,92,100,8.7,overcast clouds,2022-09-08 03:16:08
308,Sao Miguel Do Araguaia,BR,-13.275,-50.1628,79.88,31,10,6.76,clear sky,2022-09-08 03:16:08
309,Luanda,AO,-8.8368,13.2343,71.6,88,40,3.44,scattered clouds,2022-09-08 03:13:07
310,Eirunepe,BR,-6.6603,-69.8736,76.8,59,6,2.91,clear sky,2022-09-08 03:16:08
311,Tigil,RU,57.8,158.6667,67.55,57,36,20.8,light rain,2022-09-08 03:16:09
312,Xinan,CN,26.72,119.8556,82.04,51,7,3.62,clear sky,2022-09-08 03:16:09
313,College,US,64.8569,-147.8028,59.07,66,75,0.0,broken clouds,2022-09-08 03:16:09
314,Ostersund,SE,63.1792,14.6357,48.65,87,100,11.5,overcast clouds,2022-09-08 03:16:09
315,Santa Maria,BR,-29.6842,-53.8069,58.42,85,0,4.38,clear sky,2022-09-08 03:16:10
316,Wanaka,NZ,-44.7,169.15,46.53,73,31,2.33,scattered clouds,2022-09-08 03:16:10
317,Lokosovo,RU,61.1333,74.8167,40.98,87,100,11.16,overcast clouds,2022-09-08 03:16:10
318,Eyl,SO,7.9803,49.8164,77.47,65,51,19.98,broken clouds,2022-09-08 03:16:10
319,Bay Roberts,CA,47.5999,-53.2648,56.14,85,98,4.0,overcast clouds,2022-09-08 03:16:10
320,Buraydah,SA,26.326,43.975,79.25,13,0,6.13,clear sky,2022-09-08 03:16:11
321,Baker City,US,44.7749,-117.8344,75.6,34,0,3.44,clear sky,2022-09-08 03:15:51
322,La Ronge,CA,55.1001,-105.2842,59.25,63,75,19.57,broken clouds,2022-09-08 03:15:11
323,Villarrica,PY,-25.75,-56.4333,65.46,84,6,7.34,clear sky,2022-09-08 03:17:11
324,Jaisalmer,IN,26.9147,70.9181,89.11,45,0,9.91,clear sky,2022-09-08 03:17:11
325,Santa Fe,AR,-31.6333,-60.7,66.99,56,0,5.01,light rain,2022-09-08 03:16:21
326,Beringovskiy,RU,63.05,179.3167,45.54,64,5,4.32,clear sky,2022-09-08 03:17:12
327,Reinosa,ES,42.9996,-4.138,52.47,91,91,2.73,overcast clouds,2022-09-08 03:17:12
328,Kolyvan,RU,55.3053,82.7391,51.42,59,100,18.3,overcast clouds,2022-09-08 03:17:12
329,Ahipara,NZ,-35.1667,173.1667,57.29,65,100,1.23,overcast clouds,2022-09-08 03:17:12
330,Caconda,AO,-13.7333,15.0667,58.59,68,0,1.79,clear sky,2022-09-08 03:17:13
331,Waipawa,NZ,-41.4122,175.5153,49.93,76,83,3.13,broken clouds,2022-09-08 03:17:13
332,Gua Musang,MY,4.8823,101.9644,80.65,79,89,0.94,overcast clouds,2022-09-08 03:17:13
333,Shiyan,CN,32.6475,110.7781,78.46,59,100,2.15,light rain,2022-09-08 03:17:13
334,Sabang,ID,5.8933,95.3214,82.76,70,99,17.22,overcast clouds,2022-09-08 03:17:14
335,Aldan,RU,58.6031,125.3894,41.63,85,99,14.63,light rain,2022-09-08 03:17:14
336,Lamar,US,33.6668,-95.5836,81.36,79,75,3.44,broken clouds,2022-09-08 03:17:14
337,Novokizhinginsk,RU,51.6115,109.5917,76.93,36,60,4.5,broken clouds,2022-09-08 03:17:14
338,Oktyabrskoye,RU,43.0645,44.7417,53.96,78,99,1.36,overcast clouds,2022-09-08 03:17:15
339,Cururupu,BR,-1.8283,-44.8683,75.02,89,43,4.21,scattered clouds,2022-09-08 03:17:15
340,Rocha,UY,-34.4833,-54.3333,56.23,93,0,4.94,clear sky,2022-09-08 03:17:15
341,Inuvik,CA,68.3499,-133.7218,45.36,81,75,4.61,light rain,2022-09-08 03:17:15
342,Villanueva,HN,15.3167,-88.0,80.04,88,75,6.91,broken clouds,2022-09-08 03:17:16
343,Kananga,CD,-5.8958,22.4178,71.94,77,8,1.72,clear sky,2022-09-08 03:17:16
344,Soyo,AO,-6.1349,12.3689,73.53,89,100,9.69,overcast clouds,2022-09-08 03:17:16
345,Alotenango,GT,14.4803,-90.8075,67.57,96,100,1.9,overcast clouds,2022-09-08 03:17:16
346,Ankang,CN,32.68,109.0172,78.26,59,100,3.04,light rain,2022-09-08 03:17:17
347,Qaqortoq,GL,60.7167,-46.0333,43.52,91,95,2.73,overcast clouds,2022-09-08 03:17:17
348,Padang,ID,-0.9492,100.3543,86.05,63,100,1.57,overcast clouds,2022-09-08 03:17:17
349,Baiyin,CN,36.5583,104.2081,72.52,31,3,10.4,clear sky,2022-09-08 03:17:17
350,Mantua,IT,45.1667,10.7833,74.35,91,76,8.63,moderate rain,2022-09-08 03:17:18
351,Telsiai,LT,55.9814,22.2472,40.59,94,63,6.71,broken clouds,2022-09-08 03:13:31
352,Aleksandrov Gay,RU,50.147,48.5704,48.94,51,21,8.05,few clouds,2022-09-08 03:17:18
353,Novyy Urengoy,RU,66.0833,76.6333,35.92,72,21,12.71,few clouds,2022-09-08 03:17:18
354,Iwai,JP,36.05,139.9,80.53,83,100,10.54,overcast clouds,2022-09-08 03:17:18
355,Shimoni,KE,-4.6476,39.3817,72.09,87,16,9.13,few clouds,2022-09-08 03:17:19
356,Limon,CR,10.0,-83.0333,78.06,82,100,0.27,overcast clouds,2022-09-08 03:17:19
357,Safaga,EG,26.7292,33.9365,83.59,48,0,9.24,clear sky,2022-09-08 03:17:19
358,Pecos,US,31.4229,-103.4932,83.3,36,0,3.44,clear sky,2022-09-08 03:13:52
359,Alyangula,AU,-13.8483,136.4192,80.71,65,6,7.63,clear sky,2022-09-08 03:17:19
360,San Cristobal,VE,7.7669,-72.225,78.98,97,33,2.28,scattered clouds,2022-09-08 03:15:52
361,Bonthe,SL,7.5264,-12.505,75.54,89,90,7.45,moderate rain,2022-09-08 03:17:20
362,Kavieng,PG,-2.5744,150.7967,84.58,71,99,12.59,light rain,2022-09-08 03:17:20
363,Lakatoro,VU,-16.0999,167.4164,82.76,72,14,8.32,few clouds,2022-09-08 03:17:20
364,Sandakan,MY,5.8402,118.1179,85.68,74,40,3.44,scattered clouds,2022-09-08 03:17:20
365,Jardim,BR,-21.4803,-56.1381,74.41,41,2,3.65,clear sky,2022-09-08 03:17:21
366,Sussex,US,41.1834,-74.6663,65.32,93,0,0.0,clear sky,2022-09-08 03:17:21
367,Moa,CU,20.6569,-74.9403,79.02,83,1,2.1,clear sky,2022-09-08 03:17:21
368,Manzhouli,CN,49.6,117.4333,69.42,34,27,6.08,scattered clouds,2022-09-08 03:17:21
369,Chernyshevskiy,RU,63.0128,112.4714,46.4,70,83,7.27,broken clouds,2022-09-08 03:18:22
370,Luganville,VU,-15.5333,167.1667,83.68,68,9,9.19,clear sky,2022-09-08 03:18:22
371,Bubaque,GW,11.2833,-15.8333,79.86,83,97,9.46,moderate rain,2022-09-08 03:18:15
372,Biak,ID,-0.9131,122.8766,82.13,71,97,2.86,overcast clouds,2022-09-08 03:18:22
373,North Bend,US,43.4065,-124.2243,63.25,91,0,26.46,clear sky,2022-09-08 03:18:22
374,Sarkand,KZ,45.41,79.9186,82.94,16,1,4.03,clear sky,2022-09-08 03:18:23
375,The Pas,CA,53.8251,-101.2541,68.02,64,100,14.97,overcast clouds,2022-09-08 03:18:23
376,Moussoro,TD,13.6408,16.4901,84.72,63,62,6.46,broken clouds,2022-09-08 03:18:23
377,Nome,US,64.5011,-165.4064,52.16,76,0,9.22,clear sky,2022-09-08 03:18:23
378,Vila,PT,42.0304,-8.1588,54.48,94,100,3.51,overcast clouds,2022-09-08 03:18:24
379,Butembo,CD,0.15,29.2833,56.43,87,78,2.59,broken clouds,2022-09-08 03:18:24
380,Porto Velho,BR,-8.7619,-63.9039,77.05,88,74,0.0,smoke,2022-09-08 03:18:24
381,Pontianak,ID,-0.0333,109.3333,78.78,89,75,11.5,broken clouds,2022-09-08 03:18:24
382,Saint-Pierre,RE,-21.3393,55.4781,71.91,62,75,3.44,broken clouds,2022-09-08 03:18:25
383,Chabahar,IR,25.2919,60.643,79.14,74,21,2.19,few clouds,2022-09-08 03:18:25
384,Cayenne,GF,4.9333,-52.3333,75.24,94,40,0.0,scattered clouds,2022-09-08 03:15:13
385,Jertih,MY,5.7336,102.4897,82.58,75,78,2.44,heavy intensity rain,2022-09-08 03:18:25
386,Bulgan,MN,48.8125,103.5347,71.83,36,0,4.43,clear sky,2022-09-08 03:18:25
387,Znamenskoye,RU,57.1281,73.8282,45.7,89,98,9.71,overcast clouds,2022-09-08 03:18:26
388,Hurghada,EG,27.2574,33.8129,80.49,50,0,14.12,clear sky,2022-09-08 03:18:26
389,Chengde,CN,40.9725,117.9361,84.33,27,0,3.76,clear sky,2022-09-08 03:15:49
390,Kez,RU,57.8979,53.7152,43.68,96,100,4.29,overcast clouds,2022-09-08 03:18:26
391,Burkburnett,US,34.0979,-98.5706,83.89,51,0,9.22,clear sky,2022-09-08 03:15:34
392,Shimoda,JP,34.6667,138.95,80.96,85,100,15.46,light rain,2022-09-08 03:18:26
393,Zheleznodorozhnyy,RU,55.7503,38.0042,46.62,90,100,7.0,overcast clouds,2022-09-08 03:18:27
394,Sibolga,ID,1.7427,98.7792,83.62,65,98,2.77,overcast clouds,2022-09-08 03:18:27
395,Awbari,LY,26.5921,12.7805,77.97,36,0,6.44,clear sky,2022-09-08 03:18:27
396,Kumi,KR,36.1136,128.336,80.28,50,21,2.39,few clouds,2022-09-08 03:18:27
397,Yerbogachen,RU,61.2767,108.0108,50.4,66,100,13.18,overcast clouds,2022-09-08 03:18:28
398,Nioro,GM,13.35,-15.75,76.03,96,98,4.65,light rain,2022-09-08 03:18:11
399,Borova,UA,50.1763,30.1043,46.35,52,39,3.58,scattered clouds,2022-09-08 03:18:28
400,Itarema,BR,-2.9248,-39.9167,77.38,81,2,15.5,clear sky,2022-09-08 03:18:28
401,Marsh Harbour,BS,26.5412,-77.0636,83.41,69,27,3.02,scattered clouds,2022-09-08 03:18:28
402,Lompoc,US,34.6391,-120.4579,82.78,90,0,8.05,clear sky,2022-09-08 03:18:29
403,Hohhot,CN,40.8106,111.6522,73.69,43,0,2.24,clear sky,2022-09-08 03:18:29
404,Evansville,US,37.9748,-87.5558,73.45,82,0,4.61,clear sky,2022-09-08 03:15:11
405,Mae Chan,TH,20.1467,99.8526,80.26,60,88,3.51,overcast clouds,2022-09-08 03:18:29
406,Lebu,CL,-37.6167,-73.65,43.75,71,35,5.88,scattered clouds,2022-09-08 03:18:29
407,Wadi Musa,JO,30.3222,35.4793,64.89,56,0,2.35,clear sky,2022-09-08 03:18:30
408,Richards Bay,ZA,-28.783,32.0377,63.12,79,0,12.03,clear sky,2022-09-08 03:18:30
409,Belousovka,KZ,50.1339,82.5239,59.85,41,75,6.71,broken clouds,2022-09-08 03:18:30
410,Parabel,RU,58.6978,81.4825,42.62,97,100,20.47,light rain,2022-09-08 03:18:31
411,Kaka,TM,37.3482,59.6143,78.76,28,0,3.71,clear sky,2022-09-08 03:18:31
412,Galle,LK,6.0367,80.217,79.88,83,100,10.45,overcast clouds,2022-09-08 03:18:31
413,Banda Aceh,ID,5.5577,95.3222,84.96,60,95,10.98,overcast clouds,2022-09-08 03:18:31
414,Luderitz,NA,-26.6481,15.1594,57.54,68,2,10.83,clear sky,2022-09-08 03:19:32
415,Strezhevoy,RU,60.7333,77.5889,43.56,90,100,15.55,light rain,2022-09-08 03:19:32
416,Karachi,PK,24.9056,67.0822,82.22,83,20,0.0,few clouds,2022-09-08 03:15:17
417,Port Macquarie,AU,-31.4333,152.9167,66.88,59,75,15.66,broken clouds,2022-09-08 03:15:16
418,Gawler,AU,-34.6,138.7333,62.47,82,73,14.99,broken clouds,2022-09-08 03:19:32
419,Kitimat,CA,54.0524,-128.6534,57.58,98,100,2.77,light rain,2022-09-08 03:19:32
420,Gushikawa,JP,26.3544,127.8686,85.62,67,40,14.97,scattered clouds,2022-09-08 03:19:33
421,Astoria,US,46.1879,-123.8313,60.69,78,0,17.27,clear sky,2022-09-08 03:19:33
422,Sinnamary,GF,5.3833,-52.95,78.58,86,56,9.75,broken clouds,2022-09-08 03:19:33
423,Tazovskiy,RU,67.4667,78.7,36.12,70,29,11.99,scattered clouds,2022-09-08 03:19:33
424,Temerloh,MY,3.4483,102.4176,79.52,81,95,2.06,overcast clouds,2022-09-08 03:19:34
425,Falmouth,GB,50.1544,-5.0711,61.38,88,100,14.97,light rain,2022-09-08 03:15:09
426,Codrington,AU,-38.2667,141.9667,56.52,94,100,16.71,light rain,2022-09-08 03:19:34
427,Kijang,KR,35.2442,129.2139,82.13,52,72,14.03,broken clouds,2022-09-08 03:19:34
428,Laviana,ES,43.2333,-5.5333,62.33,82,98,4.88,overcast clouds,2022-09-08 03:19:34
429,Fortuna,US,40.5982,-124.1573,63.09,85,16,4.76,few clouds,2022-09-08 03:19:35
430,Chara,RU,56.9064,118.2631,50.22,47,3,6.93,clear sky,2022-09-08 03:19:35
431,Palmer,US,42.1584,-72.3287,65.57,81,75,5.75,broken clouds,2022-09-08 03:19:35
432,Luau,AO,-10.7073,22.2247,65.68,27,1,5.14,clear sky,2022-09-08 03:19:35
433,Carberry,CA,49.8689,-99.3602,70.03,39,0,13.8,clear sky,2022-09-08 03:19:36
434,Awjilah,LY,29.1081,21.2869,70.21,56,0,9.78,clear sky,2022-09-08 03:19:36
435,Syracuse,IT,37.0881,15.2792,76.59,71,22,1.83,few clouds,2022-09-08 03:19:36
436,Mayo,US,38.8876,-76.5119,70.21,94,100,6.91,overcast clouds,2022-09-08 03:19:37
437,Kudahuvadhoo,MV,2.6708,72.8944,82.26,76,90,14.32,overcast clouds,2022-09-08 03:19:37
438,Mujiayingzi,CN,42.1167,118.7833,86.45,19,0,9.69,clear sky,2022-09-08 03:19:37
439,Carman,CA,49.4992,-98.0016,71.94,64,0,9.22,clear sky,2022-09-08 03:19:37
440,Gejiu,CN,23.306,103.1635,62.82,72,77,3.6,broken clouds,2022-09-08 03:19:38
441,Alekseyevka,RU,50.6309,38.6903,46.26,57,100,8.61,overcast clouds,2022-09-08 03:19:38
442,Kalanchak,UA,46.2562,33.2907,50.49,55,0,3.8,clear sky,2022-09-08 03:19:38
443,Tari,NG,12.4086,4.4914,74.39,90,100,6.42,overcast clouds,2022-09-08 03:19:38
444,Hobyo,SO,5.3505,48.5268,75.24,83,80,19.1,broken clouds,2022-09-08 03:19:39
445,Cocorit,MX,27.5833,-109.9667,79.72,71,100,5.1,overcast clouds,2022-09-08 03:19:39
446,Flin Flon,CA,54.7682,-101.865,62.04,44,95,7.72,overcast clouds,2022-09-08 03:15:32
447,Touros,BR,-5.1989,-35.4608,73.04,80,0,15.03,clear sky,2022-09-08 03:19:39
448,Preobrazheniye,RU,42.9019,133.9064,73.13,61,0,9.73,clear sky,2022-09-08 03:19:39
449,Hirara,JP,24.8,125.2833,85.86,65,20,18.41,few clouds,2022-09-08 03:19:40
450,Akdagmadeni,TR,39.6603,35.8836,40.51,91,0,4.12,clear sky,2022-09-08 03:19:40
451,Basco,PH,20.4487,121.9702,82.54,72,72,20.47,broken clouds,2022-09-08 03:19:40
452,Abu Samrah,SY,35.3029,37.1841,72.01,74,0,2.93,clear sky,2022-09-08 03:19:40
453,Paracuru,BR,-3.41,-39.0306,79.11,78,1,15.59,clear sky,2022-09-08 03:19:41
454,Umbertide,IT,43.3055,12.3366,74.01,98,93,2.71,overcast clouds,2022-09-08 03:19:41
455,Isiro,CD,2.7739,27.616,66.04,98,95,1.07,light rain,2022-09-08 03:19:41
456,Araouane,ML,18.9048,-3.5265,89.19,38,94,7.18,overcast clouds,2022-09-08 03:19:41
457,Komsomolskiy,UZ,40.4272,71.7189,77.72,33,0,2.3,clear sky,2022-09-08 03:19:42
458,Burnie,AU,-41.0667,145.9167,58.95,77,100,15.37,overcast clouds,2022-09-08 03:19:42
459,Sao Filipe,CV,14.8961,-24.4956,78.03,89,67,15.46,broken clouds,2022-09-08 03:19:42
460,Petropavlovsk-Kamchatskiy,RU,53.0452,158.6483,55.99,94,75,6.71,light rain,2022-09-08 03:20:42
461,Goderich,CA,43.7501,-81.7165,62.91,94,0,3.44,clear sky,2022-09-08 03:20:43
462,Kaeo,NZ,-35.1,173.7833,61.32,68,94,5.3,overcast clouds,2022-09-08 03:20:43
463,Egvekinot,RU,66.3167,-179.1667,40.42,67,0,0.81,clear sky,2022-09-08 03:20:43
464,Ciudad Bolivar,VE,8.1222,-63.5497,75.9,89,100,5.64,overcast clouds,2022-09-08 03:20:43
465,Urzhum,RU,57.1141,49.9996,44.4,95,100,7.4,overcast clouds,2022-09-08 03:20:44
466,Da Lat,VN,11.9465,108.4419,68.92,86,100,2.98,overcast clouds,2022-09-08 03:18:23
467,Astrea,CO,9.4983,-73.9759,76.8,87,91,3.56,overcast clouds,2022-09-08 03:20:44
468,Mersing,MY,2.4312,103.8405,82.31,83,40,0.0,scattered clouds,2022-09-08 03:20:44
469,Huarmey,PE,-10.0681,-78.1522,60.78,86,19,11.74,few clouds,2022-09-08 03:20:44
470,Lipin Bor,RU,60.2622,37.9763,36.16,95,40,10.42,scattered clouds,2022-09-08 03:20:45
471,Kupang,ID,-10.1667,123.5833,91.98,46,20,11.5,few clouds,2022-09-08 03:20:45
472,Upata,VE,8.0086,-62.3989,70.07,97,71,2.21,broken clouds,2022-09-08 03:20:45
473,Andenes,NO,69.3143,16.1194,46.38,87,100,3.44,overcast clouds,2022-09-08 03:20:45
474,Kuusamo,FI,65.9667,29.1833,39.24,81,100,3.44,overcast clouds,2022-09-08 03:20:46
475,Ta Khmau,KH,11.4833,104.95,84.25,79,75,10.36,broken clouds,2022-09-08 03:20:46
476,Srednekolymsk,RU,67.45,153.6833,58.8,50,100,17.45,overcast clouds,2022-09-08 03:20:46
477,Panzhihua,CN,26.5851,101.7128,78.6,61,28,1.48,scattered clouds,2022-09-08 03:20:46
478,Garowe,SO,8.4054,48.4845,73.53,65,53,23.06,broken clouds,2022-09-08 03:20:47
479,Mount Isa,AU,-20.7333,139.5,87.57,29,0,12.66,clear sky,2022-09-08 03:20:47
480,Tautira,PF,-17.7333,-149.15,76.69,78,8,20.94,light rain,2022-09-08 03:20:47
481,Skibbereen,IE,51.55,-9.2667,60.12,92,20,8.03,few clouds,2022-09-08 03:20:47
482,Margate,GB,51.3813,1.3862,60.31,96,100,1.01,overcast clouds,2022-09-08 03:20:48
483,Vestmannaeyjar,IS,63.4427,-20.2734,53.47,84,99,6.69,overcast clouds,2022-09-08 03:20:48
484,Strelka,RU,58.0728,93.0344,55.8,62,38,16.84,scattered clouds,2022-09-08 03:20:48
485,Houma,US,29.5958,-90.7195,75.0,90,6,1.01,clear sky,2022-09-08 03:20:48
486,Skjervoy,NO,70.0311,20.9714,44.6,73,100,6.78,overcast clouds,2022-09-08 03:20:48
487,Nemuro,JP,43.3236,145.575,65.61,80,46,11.14,scattered clouds,2022-09-08 03:20:49
488,Korla,CN,41.7597,86.1469,86.32,14,0,5.21,clear sky,2022-09-08 03:20:49
489,Lewisporte,CA,49.2499,-55.0482,46.11,76,11,5.93,few clouds,2022-09-08 03:20:49
490,Yoichi,JP,43.2039,140.7703,73.76,53,9,4.16,clear sky,2022-09-08 03:20:49
491,Nagato,JP,34.3833,131.2,78.94,65,43,17.13,scattered clouds,2022-09-08 03:20:50
492,Aklavik,CA,68.2191,-135.0107,44.04,71,100,6.96,overcast clouds,2022-09-08 03:20:50
493,Auki,SB,-8.7676,160.7034,87.06,55,65,3.36,broken clouds,2022-09-08 03:20:50
494,Bereda,ES,43.2686,-7.5406,61.41,100,100,3.8,overcast clouds,2022-09-08 03:20:50
495,Tazmalt,DZ,36.3868,4.3989,82.22,36,4,2.93,clear sky,2022-09-08 03:20:51
496,Manacor,ES,39.5696,3.2096,74.82,74,98,6.71,overcast clouds,2022-09-08 03:20:51
497,Nizhniy Kuranakh,RU,58.8353,125.4869,47.07,75,97,12.66,light rain,2022-09-08 03:20:51
498,Mandalgovi,MN,45.7625,106.2708,76.12,21,0,4.14,clear sky,2022-09-08 03:20:51
499,Grootfontein,NA,-19.5667,18.1167,67.57,40,0,5.75,clear sky,2022-09-08 03:20:52
500,Orlik,RU,52.5178,99.825,70.61,32,40,3.38,scattered clouds,2022-09-08 03:20:52
501,San Jose,US,37.3394,-121.895,90.68,44,20,9.22,few clouds,2022-09-08 03:16:50
502,Anori,BR,-3.7728,-61.6442,79.27,62,42,2.35,scattered clouds,2022-09-08 03:20:52
503,Pangnirtung,CA,66.1451,-65.7125,46.99,62,100,10.27,overcast clouds,2022-09-08 03:20:53
504,Nosy Varika,MG,-20.5833,48.5333,66.02,79,48,0.58,scattered clouds,2022-09-08 03:20:53
505,Cedar City,US,37.6775,-113.0619,76.17,36,0,8.05,clear sky,2022-09-08 03:16:13
506,Mangan,IN,27.5167,88.5333,76.15,93,100,0.72,overcast clouds,2022-09-08 03:20:53
507,Nenagh,IE,52.8619,-8.1967,57.94,96,100,8.43,overcast clouds,2022-09-08 03:20:53
508,Northam,GB,51.0333,-4.2167,58.6,96,88,13.42,overcast clouds,2022-09-08 03:21:54
509,Pochutla,MX,15.7432,-96.4661,77.83,86,100,2.98,overcast clouds,2022-09-08 03:21:54
510,Nenjiang,CN,49.1833,125.2167,70.79,37,0,6.11,clear sky,2022-09-08 03:21:54
511,Veraval,IN,20.9,70.3667,80.82,79,100,12.88,overcast clouds,2022-09-08 03:21:54
512,Camana,PE,-16.6228,-72.7111,61.2,75,61,5.73,broken clouds,2022-09-08 03:21:55
513,Trairi,BR,-3.2778,-39.2689,77.81,77,2,12.97,clear sky,2022-09-08 03:21:22
514,Wisch,NL,51.9265,6.4171,65.75,80,100,4.61,overcast clouds,2022-09-08 03:21:55
515,Sao Joao Da Barra,BR,-21.6403,-41.0511,69.22,75,17,18.39,few clouds,2022-09-08 03:19:42
516,Namtsy,RU,62.7161,129.6658,52.0,58,100,22.01,overcast clouds,2022-09-08 03:21:55
517,Amursk,RU,50.2261,136.8994,65.41,62,76,19.04,broken clouds,2022-09-08 03:21:55
518,Igarka,RU,67.4667,86.5833,37.15,64,100,16.44,overcast clouds,2022-09-08 03:20:45
519,San Quintin,MX,30.4833,-115.95,78.64,71,0,3.67,clear sky,2022-09-08 03:21:56
520,San Policarpo,PH,12.1791,125.5072,84.38,77,92,6.73,overcast clouds,2022-09-08 03:21:56
521,Mehamn,NO,71.0357,27.8492,48.15,93,75,14.97,broken clouds,2022-09-08 03:21:56
522,Tikrit,IQ,34.6071,43.6782,86.5,22,0,9.31,clear sky,2022-09-08 03:21:56
523,Bahia Blanca,AR,-38.7196,-62.2724,46.2,79,100,10.18,overcast clouds,2022-09-08 03:21:57
524,Sevierville,US,35.8681,-83.5618,71.83,87,40,0.0,scattered clouds,2022-09-08 03:21:57
525,Usinsk,RU,65.9939,57.5281,35.28,89,89,7.83,overcast clouds,2022-09-08 03:21:57
526,Pastavy,BY,55.1168,26.8326,45.95,90,80,4.74,broken clouds,2022-09-08 03:21:57
527,San Francisco,US,37.7749,-122.4194,89.31,77,20,12.66,few clouds,2022-09-08 03:20:57
528,Bure,ET,10.7,37.0667,55.0,95,80,0.54,light rain,2022-09-08 03:21:58
529,La Ermita,MX,20.4139,-101.9936,63.41,93,99,3.91,moderate rain,2022-09-08 03:21:58
530,Manono,CD,-7.3,27.4167,75.96,29,41,8.7,scattered clouds,2022-09-08 03:21:58
531,Puerto Ayacucho,VE,5.6639,-67.6236,75.4,91,97,3.51,overcast clouds,2022-09-08 03:21:58
532,Ajdabiya,LY,30.7554,20.2263,71.96,65,0,10.42,clear sky,2022-09-08 03:21:59
533,Batemans Bay,AU,-35.7167,150.1833,64.09,81,99,9.44,light rain,2022-09-08 03:21:59
534,Anloga,GH,5.7947,0.8973,76.28,88,41,15.64,scattered clouds,2022-09-08 03:21:59
535,Parga,GR,39.2831,20.3964,69.13,63,1,3.36,clear sky,2022-09-08 03:21:59
536,Lasa,IT,46.6166,10.7002,58.69,95,100,4.65,light rain,2022-09-08 03:22:00
537,Atar,MR,20.5169,-13.0499,91.87,22,2,9.84,clear sky,2022-09-08 03:22:00
538,Antananarivo,MG,-18.9137,47.5361,48.16,100,20,6.91,few clouds,2022-09-08 03:18:32
539,Corn Island,NI,12.1694,-83.0418,83.73,74,48,7.34,scattered clouds,2022-09-08 03:22:00
540,Samarai,PG,-10.6167,150.6667,81.82,77,100,9.46,overcast clouds,2022-09-08 03:22:00
541,Mayor Pablo Lagerenza,PY,-19.9309,-60.7718,84.02,27,0,12.59,clear sky,2022-09-08 03:22:01
542,Homer,US,59.6425,-151.5483,53.76,85,100,4.0,light rain,2022-09-08 03:22:01
543,Backa Palanka,RS,45.2508,19.3919,65.95,73,87,3.74,overcast clouds,2022-09-08 03:22:01
544,Sabha,LY,27.0377,14.4283,77.7,41,0,10.58,clear sky,2022-09-08 03:22:01
545,Betlitsa,RU,54.0095,33.9588,37.89,97,40,5.28,scattered clouds,2022-09-08 03:22:02
546,Fort Walton Beach,US,30.4058,-86.6188,80.98,83,75,6.91,broken clouds,2022-09-08 03:22:02
547,Santo Antonio Do Taua,BR,-1.1519,-48.1294,76.95,97,41,3.91,scattered clouds,2022-09-08 03:22:02
548,Nago,JP,26.5881,127.9761,86.45,69,45,13.11,scattered clouds,2022-09-08 03:20:38
549,Barcelos,PT,41.5388,-8.6151,67.84,89,100,4.09,overcast clouds,2022-09-08 03:22:02
550,Tayu,ID,-6.5397,111.0518,84.79,66,100,6.22,overcast clouds,2022-09-08 03:22:03
551,Japura,ID,-0.3167,102.35,86.18,58,78,3.4,broken clouds,2022-09-08 03:22:03
552,Aldama,MX,22.9167,-98.0667,74.79,90,100,4.61,overcast clouds,2022-09-08 03:22:03
553,Cao Bang,VN,22.6667,106.25,78.85,92,100,1.07,overcast clouds,2022-09-08 03:17:42
554,Constantine,DZ,36.365,6.6147,72.81,68,40,2.3,scattered clouds,2022-09-08 03:22:03
555,Ola,RU,59.5833,151.2833,55.15,92,100,17.6,moderate rain,2022-09-08 03:22:04
556,Ligayan,PH,4.6533,119.4706,82.8,70,100,0.65,overcast clouds,2022-09-08 03:22:04
557,Peleduy,RU,59.6289,112.7406,55.42,51,76,8.72,broken clouds,2022-09-08 03:23:04
558,Zhigansk,RU,66.7697,123.3711,50.16,57,41,5.66,scattered clouds,2022-09-08 03:23:04
559,Cap Malheureux,MU,-19.9842,57.6142,68.47,67,87,1.01,overcast clouds,2022-09-08 03:23:05
560,Nizwa,OM,22.9333,57.5333,78.89,63,0,1.86,clear sky,2022-09-08 03:23:05
561,Bokoro,TD,12.3807,17.0568,79.93,74,87,5.77,overcast clouds,2022-09-08 03:23:05
562,Progreso,MX,21.2833,-89.6667,81.1,86,50,6.91,scattered clouds,2022-09-08 03:23:05
